Entity Name,Category,Description,Image,Link,Wiki,Size,Group 1,Group 2,Group 3,Group 4,Group 5,Group 6,Group 7,Group 8,Group 9,Group 10
A2X,GROUP,An international brewing company headquartered in Belgium; one of the largest beer producers in the world.,,,en.m.wikipedia.org/wiki/A2X,1,,,,,,,,,,
ABInBev,GROUP,DESCRIPTION,,,en.m.wikipedia.org/wiki/ABInBev,1,,,,,,,,,,
Ada,GROUP,DESCRIPTION,,,en.m.wikipedia.org/wiki/Ada,1,,,,,,,,,,
Adam Waterous,Build Canada Contributor,"Adam Waterous is the co-founder, Managing Partner, and CEO of the Waterous Energy Fund, a Calgary-based private equity firm investing in Canadian oil & gas. 

He is also Executive Chairman of Strathcona Resources, a public energy producer built via consolidation, and has strong ties to the Conservative Party through fundraising and donations.",https://i.ibb.co/Tq8SxKdB/water.png,,en.m.wikipedia.org/wiki/Adam_Waterous,6,,,,,,,,,,
Affirm Holdings,GROUP,DESCRIPTION,,,en.m.wikipedia.org/wiki/Affirm_Holdings,1,,,,,,,,,,
Aidan Gomez,GROUP,DESCRIPTION,,,en.m.wikipedia.org/wiki/Aidan_Gomez,2,,,,,,,,,,
Aidan Tracey,Build Canada Supporter,,https://www.nextcanada.com/wp-content/uploads/2020/06/Aiden_T.jpg,,en.m.wikipedia.org/wiki/Aidan_Tracey,6,,,,,,,,,,
Aire Labs,GROUP,DESCRIPTION,,,en.m.wikipedia.org/wiki/Aire_Labs,1,,,,,,,,,,
Alan Zekelman,GROUP,DESCRIPTION,,,en.m.wikipedia.org/wiki/Alan_Zekelman,1,,,,,,,,,,
Albany Club,GROUP,DESCRIPTION,,,en.m.wikipedia.org/wiki/Albany_Club,1,,,,,,,,,,
Amanda Rose,Build Canada Contributor,DESCRIPTION,,,en.m.wikipedia.org/wiki/Amanda_Rose,1,,,,,,,,,,
America First Action PAC,GROUP,DESCRIPTION,https://ballotpedia.s3.amazonaws.com/images/thumb/7/7d/America_First_Action.jpg/150px-America_First_Action.jpg,,en.m.wikipedia.org/wiki/America_First_Action_PAC,3,,,,,,,,,,
Ana Curic,Build Canada Team,Public affairs and communications consultant associated with Maple Leaf Strategies. She previously worked in government communications.,https://i.ibb.co/pjPChv5v/uric.png,,en.m.wikipedia.org/wiki/Ana_Curic,2,,,,,,,,,,
Andrew Graham,Build Canada Contributor,DESCRIPTION,,,en.m.wikipedia.org/wiki/Andrew_Graham,2,,,,,,,,,,
Andrew Lawton,GROUP,DESCRIPTION,,,en.m.wikipedia.org/wiki/Andrew_Lawton,2,,,,,,,,,,
Andrew Potter,Build Canada Contributor,Andrew Potter is a journalist and academic. He has written for Canadian media and been associated with McGill Institute for the Study of Canada.,https://i.ibb.co/jvGXbpnF/pot.png,,en.m.wikipedia.org/wiki/Andrew_Potter,3,,,,,,,,,,
Anduril Industries,GROUP,DESCRIPTION,,,en.m.wikipedia.org/wiki/Anduril_Industries,1,,,,,,,,,,
Andy Ngo,GROUP,DESCRIPTION,,,en.m.wikipedia.org/wiki/Andy_Ngo,2,,,,,,,,,,
Anthony Furey,GROUP,DESCRIPTION,,,en.m.wikipedia.org/wiki/Anthony_Furey,1,,,,,,,,,,
Anthony Lacavera,Build Canada Supporter,,,,en.m.wikipedia.org/wiki/Anthony_Lacavera,4,,,,,,,,,,
ApplyBoard,GROUP,DESCRIPTION,,,en.m.wikipedia.org/wiki/ApplyBoard,1,,,,,,,,,,
ATCO,GROUP,DESCRIPTION,,,en.m.wikipedia.org/wiki/ATCO,1,,,,,,,,,,
Atlantic Council,GROUP,DESCRIPTION,,,en.m.wikipedia.org/wiki/Atlantic_Council,1,,,,,,,,,,
Aubrey Hruby,GROUP,DESCRIPTION,,,en.m.wikipedia.org/wiki/Aubrey_Hruby,3,,,,,,,,,,
Barry Zekelman,Build Canada Contributor,"Barry Zekelman is the owner of Zekelman Industries, a large North American steel pipe and tube manufacturer.",https://i.ibb.co/3mdkBtvR/zek.png,,en.m.wikipedia.org/wiki/Barry_Zekelman,5,,,,,,,,,,
Ben Parry,Build Canada Team,DESCRIPTION,,,en.m.wikipedia.org/wiki/Ben_Parry,2,,,,,,,,,,
Benjamin Alarie,Build Canada Contributor,"Benjamin Alarie is a law professor at the University of Toronto, where he researches taxation, judicial decision-making, and AI in legal contexts. 

He is affiliated with the Vector Institute and the Schwartz Reisman Institute, and co-authored The Legal Singularity, exploring how AI could transform law.",https://i.ibb.co/xSpMNDy0/bena.png,,en.m.wikipedia.org/wiki/Benjamin_Alarie,4,,,,,,,,,,
Bird,GROUP,DESCRIPTION,,,en.m.wikipedia.org/wiki/Bird,1,,,,,,,,,,
Blue J,GROUP,DESCRIPTION,,,en.m.wikipedia.org/wiki/Blue_J,1,,,,,,,,,,
Boris Wertz,Build Canada Contributor,DESCRIPTION,,,en.m.wikipedia.org/wiki/Boris_Wertz,2,,,,,,,,,,
Borrowell,GROUP,"Canadian fintech company providing credit reports, loans and personal finance tools.",https://play-lh.googleusercontent.com/-uPLOQDo-qXatsPTTgs4ona7X-RrqsZUOEh0i4OZYeNmnCJFbHyeZ1kxKev73OoX0VvN,,en.m.wikipedia.org/wiki/Borrowell,4,,,,,,,,,,
Brad Carr,Build Canada Contributor,DESCRIPTION,,,en.m.wikipedia.org/wiki/Brad_Carr,2,,,,,,,,,,
Brendan Samek,Build Canada Contributor,DESCRIPTION,,,en.m.wikipedia.org/wiki/Brendan_Samek,1,,,,,,,,,,
Brian Lee Crowley,GROUP,DESCRIPTION,,,en.m.wikipedia.org/wiki/Brian_Lee_Crowley,3,,,,,,,,,,
Brice Scheschuk,Build Canada Supporter,,,,en.m.wikipedia.org/wiki/Brice_Scheschuk,3,,,,,,,,,,
Build Canada,GROUP,"Build Canada claims to be a non-partisan civic movement that aims to empower “builders” — entrepreneurs, creators, and innovators — to reshape Canada. Its members (seemingly volunteer based) share an anti-government, pro-industry vision of the future. Their political leanings range from centrist tech bros to right-wing tech bros.",https://i.ibb.co/TGDqSYX/BC.png,,en.m.wikipedia.org/wiki/Build_Canada,67,,,,,,,,,,
C100,GROUP,DESCRIPTION,,,en.m.wikipedia.org/wiki/C100,1,,,,,,,,,,
Canada First,GROUP,DESCRIPTION,,,en.m.wikipedia.org/wiki/Canada_First,1,,,,,,,,,,
Canada Spends,Build Canada Group,DESCRIPTION,,,en.m.wikipedia.org/wiki/Canada_Spends,2,,,,,,,,,,
Canada Strong and Free Network,GROUP,DESCRIPTION,,,en.m.wikipedia.org/wiki/Canada_Strong_and_Free_Network,1,,,,,,,,,,
Canadian Business Council,GROUP,DESCRIPTION,,,en.m.wikipedia.org/wiki/Canadian_Business_Council,1,,,,,,,,,,
Candice Malcolm,GROUP,DESCRIPTION,https://i.ibb.co/5hhsgr74/candi.png,,en.m.wikipedia.org/wiki/Candice_Malcolm,6,,,,,,,,,,
Capital Hill Group,GROUP,DESCRIPTION,,,en.m.wikipedia.org/wiki/Capital_Hill_Group,1,,,,,,,,,,
Caylan Ford,GROUP,DESCRIPTION,,,en.m.wikipedia.org/wiki/Caylan_Ford,1,,,,,,,,,,
CBC,GROUP,DESCRIPTION,,,en.m.wikipedia.org/wiki/CBC,1,,,,,,,,,,
Cenovus Energy,GROUP,DESCRIPTION,,,en.m.wikipedia.org/wiki/Cenovus_Energy,1,,,,,,,,,,
Chanel Pfahl,GROUP,DESCRIPTION,,,en.m.wikipedia.org/wiki/Chanel_Pfahl,1,,,,,,,,,,
Chris Elston,GROUP,DESCRIPTION,,,en.m.wikipedia.org/wiki/Chris_Elston,1,,,,,,,,,,
Civitas Canada,GROUP,DESCRIPTION,https://media.licdn.com/dms/image/v2/C560BAQEB4GxlNjh8Vg/company-logo_200_200/company-logo_200_200/0/1630637541345?e=2147483647&v=beta&t=tVPg6XSEmroAe-wec15sAUUv3OVfd6de8bv7eLYDJ7Y,,en.m.wikipedia.org/wiki/Civitas_Canada,16,,,,,,,,,,
Clayton Zekelman,GROUP,DESCRIPTION,,,en.m.wikipedia.org/wiki/Clayton_Zekelman,1,,,,,,,,,,
Cohere,GROUP,DESCRIPTION,https://images.seeklogo.com/logo-png/61/2/cohere-icon-logo-png_seeklogo-611584.png,,en.m.wikipedia.org/wiki/Cohere,7,,,,,,,,,,
Coinbase,GROUP,DESCRIPTION,,,en.m.wikipedia.org/wiki/Coinbase,1,,,,,,,,,,
Conservative Party of Canada,GROUP,Main right-wing federal political party in Canada. Current official opposition party.,https://338canada.com/img/pcc.jpg,,en.m.wikipedia.org/wiki/Conservative_Party_of_Canada,8,,,,,,,,,,
Conway Directions,GROUP,DESCRIPTION,,,en.m.wikipedia.org/wiki/Conway_Directions,1,,,,,,,,,,
Cosmin Dzsurdzsa,GROUP,DESCRIPTION,,,en.m.wikipedia.org/wiki/Cosmin_Dzsurdzsa,2,,,,,,,,,,
Council on Foreign Relations,GROUP,DESCRIPTION,,,en.m.wikipedia.org/wiki/Council_on_Foreign_Relations,1,,,,,,,,,,
Daniel Debow,Build Canada Team,DESCRIPTION,https://ffnews.com/wp-content/uploads/2023/08/Daniel-Debow-Shopify-vice-president-of-product-partnerships.jpeg,,en.m.wikipedia.org/wiki/Daniel_Debow,12,,,,,,,,,,
Daniel Eberhard,Build Canada Supporter,,,,en.m.wikipedia.org/wiki/Daniel_Eberhard,2,,,,,,,,,,
Danielle Smith,GROUP,DESCRIPTION,,,en.m.wikipedia.org/wiki/Danielle_Smith,3,,,,,,,,,,
Dave Russell,GROUP,DESCRIPTION,,,en.m.wikipedia.org/wiki/Dave_Russell,3,,,,,,,,,,
David Parker,GROUP,DESCRIPTION,,,en.m.wikipedia.org/wiki/David_Parker,2,,,,,,,,,,
David Stein,GROUP,DESCRIPTION,,,en.m.wikipedia.org/wiki/David_Stein,2,,,,,,,,,,
Derek Hall,GROUP,DESCRIPTION,,,en.m.wikipedia.org/wiki/Derek_Hall,1,,,,,,,,,,
Diagalon,GROUP,DESCRIPTION,,,en.m.wikipedia.org/wiki/Diagalon,1,,,,,,,,,,
Donald Trump,GROUP,DESCRIPTION,,,en.m.wikipedia.org/wiki/Donald_Trump,2,,,,,,,,,,
Donna Litt,GROUP,DESCRIPTION,,,en.m.wikipedia.org/wiki/Donna_Litt,4,,,,,,,,,,
Doug Ford,GROUP,DESCRIPTION,,,en.m.wikipedia.org/wiki/Doug_Ford,1,,,,,,,,,,
Drew Stevens,Build Canada Contributor,DESCRIPTION,,,en.m.wikipedia.org/wiki/Drew_Stevens,1,,,,,,,,,,
Electric Mind,GROUP,DESCRIPTION,,,en.m.wikipedia.org/wiki/Electric_Mind,1,,,,,,,,,,
Elevate,GROUP,DESCRIPTION,,,en.m.wikipedia.org/wiki/Elevate,2,,,,,,,,,,
Eliot Pence,Build Canada Contributor,DESCRIPTION,"https://images.crunchbase.com/image/upload/c_thumb,h_256,w_256,f_auto,g_face,z_0.7,q_auto:eco,dpr_1/jbjv83dnrk78yx1slwad",,en.m.wikipedia.org/wiki/Eliot_Pence,5,,,,,,,,,,
Elon Musk,GROUP,DESCRIPTION,,,en.m.wikipedia.org/wiki/Elon_Musk,1,,,,,,,,,,
Enbridge,GROUP,DESCRIPTION,,,en.m.wikipedia.org/wiki/Enbridge,1,,,,,,,,,,
Eric Lombardi,Build Canada Contributor,DESCRIPTION,https://i.ibb.co/Pvxj1CR8/lomb.png,,en.m.wikipedia.org/wiki/Eric_Lombardi,5,,,,,,,,,,
Expedia,GROUP,DESCRIPTION,,,en.m.wikipedia.org/wiki/Expedia,1,,,,,,,,,,
Fairfax Financial Holdings,GROUP,DESCRIPTION,,,en.m.wikipedia.org/wiki/Fairfax_Financial_Holdings,1,,,,,,,,,,
Farhan Thawar,GROUP,DESCRIPTION,,,en.m.wikipedia.org/wiki/Farhan_Thawar,3,,,,,,,,,,
Farnam Street,GROUP,DESCRIPTION,,,en.m.wikipedia.org/wiki/Farnam_Street,1,,,,,,,,,,
Felicis Ventures,GROUP,DESCRIPTION,,,en.m.wikipedia.org/wiki/Felicis_Ventures,1,,,,,,,,,,
Fiona McKean,Build Canada Contributor,DESCRIPTION,https://i.ibb.co/fVK5Rj0X/fion.png,,en.m.wikipedia.org/wiki/Fiona_McKean,5,,,,,,,,,,
Float,GROUP,DESCRIPTION,,,en.m.wikipedia.org/wiki/Float,1,,,,,,,,,,
FOR.ai,GROUP,DESCRIPTION,,,en.m.wikipedia.org/wiki/FOR.ai,2,,,,,,,,,,
Forum Asset Management,GROUP,DESCRIPTION,,,en.m.wikipedia.org/wiki/Forum_Asset_Management,1,,,,,,,,,,
Francois Chadwick,GROUP,DESCRIPTION,,,en.m.wikipedia.org/wiki/Francois_Chadwick,1,,,,,,,,,,
Fraser Institute,GROUP,DESCRIPTION,,,en.m.wikipedia.org/wiki/Fraser_Institute,3,,,,,,,,,,
Garage Capital,GROUP,DESCRIPTION,,,en.m.wikipedia.org/wiki/Garage_Capital,1,,,,,,,,,,
Gavin McGinnes,GROUP,DESCRIPTION,,,en.m.wikipedia.org/wiki/Gavin_McGinnes,1,,,,,,,,,,
George Babu,Build Canada Contributor,DESCRIPTION,,,en.m.wikipedia.org/wiki/George_Babu,2,,,,,,,,,,
Gilbert Kaplan,GROUP,DESCRIPTION,,,en.m.wikipedia.org/wiki/Gilbert_Kaplan,1,,,,,,,,,,
Glide AI,GROUP,DESCRIPTION,,,en.m.wikipedia.org/wiki/Glide_AI,1,,,,,,,,,,
Globalive,GROUP,DESCRIPTION,,,en.m.wikipedia.org/wiki/Globalive,2,,,,,,,,,,
GoConfirm,GROUP,DESCRIPTION,,,en.m.wikipedia.org/wiki/GoConfirm,1,,,,,,,,,,
Goldman Sachs,GROUP,DESCRIPTION,,,en.m.wikipedia.org/wiki/Goldman_Sachs,1,,,,,,,,,,
Good Future,GROUP,DESCRIPTION,,,en.m.wikipedia.org/wiki/Good_Future,1,,,,,,,,,,
Greenfield Resources,GROUP,DESCRIPTION,,,en.m.wikipedia.org/wiki/Greenfield_Resources,1,,,,,,,,,,
Gwyn Morgan,GROUP,DESCRIPTION,,,en.m.wikipedia.org/wiki/Gwyn_Morgan,2,,,,,,,,,,
Harley Finkelstein,Build Canada Contributor,"Harley Finkelstein is President of Shopify; co-founded a tea company (Firebelly), and has a JD/MBA from University of Ottawa. ",https://i.ibb.co/My4t05pY/finkel.png,,en.m.wikipedia.org/wiki/Harley_Finkelstein,5,,,,,,,,,,
Harrison Faulkner,GROUP,DESCRIPTION,https://i.ibb.co/BVDBsT9Q/falk.png,,en.m.wikipedia.org/wiki/Harrison_Faulkner,5,,,,,,,,,,
Helcim,GROUP,DESCRIPTION,,,en.m.wikipedia.org/wiki/Helcim,1,,,,,,,,,,
Helpful,GROUP,DESCRIPTION,,,en.m.wikipedia.org/wiki/Helpful,2,,,,,,,,,,
Human Events,GROUP,DESCRIPTION,,,en.m.wikipedia.org/wiki/Human_Events,1,,,,,,,,,,
Hunter Scharfe,Build Canada Contributor,DESCRIPTION,,,en.m.wikipedia.org/wiki/Hunter_Scharfe,1,,,,,,,,,,
Ian Todd,GROUP,DESCRIPTION,https://i.ibb.co/ccBpGdjy/todd.png,,en.m.wikipedia.org/wiki/Ian_Todd,4,,,,,,,,,,
Ivan Zhang,Build Canada Contributor,DESCRIPTION,https://cdn.theorg.com/5c88a3d5-0993-4027-9c33-05a672546d77_medium.jpg,,en.m.wikipedia.org/wiki/Ivan_Zhang,3,,,,,,,,,,
Jamie McDonald,Build Canada Contributor,DESCRIPTION,https://i.ibb.co/cXxQd7zF/mcd.png,,en.m.wikipedia.org/wiki/Jamie_McDonald,6,,,,,,,,,,
Janet Waterous,GROUP,DESCRIPTION,,,en.m.wikipedia.org/wiki/Janet_Waterous,3,,,,,,,,,,
Jason Kenney,GROUP,DESCRIPTION,https://i.ibb.co/kVnyLJTk/kenny.png,,en.m.wikipedia.org/wiki/Jason_Kenney,5,,,,,,,,,,
Jeff Adamson,Build Canada Contributor,DESCRIPTION,,,en.m.wikipedia.org/wiki/Jeff_Adamson,3,,,,,,,,,,
Jeff Ballingall,GROUP,DESCRIPTION,https://i.ibb.co/YFz90jq2/balling.png,,en.m.wikipedia.org/wiki/Jeff_Ballingall,5,,,,,,,,,,
Jennifer Mazzarolo,Build Canada Contributor,DESCRIPTION,,,en.m.wikipedia.org/wiki/Jennifer_Mazzarolo,2,,,,,,,,,,
Jesse Lee,Build Canada Contributor,DESCRIPTION,,,en.m.wikipedia.org/wiki/Jesse_Lee,1,,,,,,,,,,
Jetson,GROUP,DESCRIPTION,,,en.m.wikipedia.org/wiki/Jetson,1,,,,,,,,,,
Joelle Pineau,GROUP,DESCRIPTION,,,en.m.wikipedia.org/wiki/Joelle_Pineau,2,,,,,,,,,,
Joseph Fung,GROUP,DESCRIPTION,,,en.m.wikipedia.org/wiki/Joseph_Fung,2,,,,,,,,,,
Josh Alexander,GROUP,DESCRIPTION,,,en.m.wikipedia.org/wiki/Josh_Alexander,2,,,,,,,,,,
Julie Di Lorenzo,Build Canada Contributor,DESCRIPTION,,,en.m.wikipedia.org/wiki/Julie_Di_Lorenzo,2,,,,,,,,,,
Juno News (Formerly True North),GROUP,DESCRIPTION,"https://substackcdn.com/image/fetch/$s_!DAbL!,w_176,h_176,c_fill,f_webp,q_auto:good,fl_progressive:steep,g_auto/https%3A%2F%2Fsubstack-post-media.s3.amazonaws.com%2Fpublic%2Fimages%2F0aba0ad5-7c1f-4b4a-a242-d8fc7f8d4fab_1280x1280.png",,en.m.wikipedia.org/wiki/Juno_News_(Formerly_True_North),12,,,,,,,,,,
Justin Sky,Build Canada Contributor,DESCRIPTION,,,en.m.wikipedia.org/wiki/Justin_Sky,2,,,,,,,,,,
Katherine Homuth,Build Canada Contributor,DESCRIPTION,,,en.m.wikipedia.org/wiki/Katherine_Homuth,2,,,,,,,,,,
Kaz Nejatian,Build Canada Supporter,,https://i.ibb.co/5g15WypP/raz.png,,en.m.wikipedia.org/wiki/Kaz_Nejatian,6,,,,,,,,,,
Keean Bexte,GROUP,DESCRIPTION,,,en.m.wikipedia.org/wiki/Keean_Bexte,1,,,,,,,,,,
Kepler,GROUP,DESCRIPTION,,,en.m.wikipedia.org/wiki/Kepler,1,,,,,,,,,,
Kobo,GROUP,DESCRIPTION,,,en.m.wikipedia.org/wiki/Kobo,1,,,,,,,,,,
Koho,GROUP,DESCRIPTION,,,en.m.wikipedia.org/wiki/Koho,1,,,,,,,,,,
League,GROUP,DESCRIPTION,,,en.m.wikipedia.org/wiki/League,1,,,,,,,,,,
Liberal Party of Canada,GROUP,DESCRIPTION,https://s31184.pcdn.co/wp-content/uploads/sites/292/2021/01/Red-PNG.png,,en.m.wikipedia.org/wiki/Liberal_Party_of_Canada,2,,,,,,,,,,
Liberty Coalition Canada,GROUP,DESCRIPTION,,,en.m.wikipedia.org/wiki/Liberty_Coalition_Canada,1,,,,,,,,,,
Life Engineer.ai,GROUP,DESCRIPTION,,,en.m.wikipedia.org/wiki/Life_Engineer.ai,1,,,,,,,,,,
Lindsay Shepherd,GROUP,DESCRIPTION,,,en.m.wikipedia.org/wiki/Lindsay_Shepherd,1,,,,,,,,,,
Loblaw Companies,GROUP,DESCRIPTION,,,en.m.wikipedia.org/wiki/Loblaw_Companies,1,,,,,,,,,,
Lucan Way,GROUP,DESCRIPTION,,,en.m.wikipedia.org/wiki/Lucan_Way,1,,,,,,,,,,
Lucy Hargreaves,Build Canada Team,DESCRIPTION,https://i.ibb.co/JjSWrfHJ/harg.png,,en.m.wikipedia.org/wiki/Lucy_Hargreaves,5,,,,,,,,,,
Macdonald Laurier Institute,GROUP,DESCRIPTION,,,en.m.wikipedia.org/wiki/Macdonald_Laurier_Institute,1,,,,,,,,,,
Mamy Rakotomalala,Build Canada Contributor,DESCRIPTION,,,en.m.wikipedia.org/wiki/Mamy_Rakotomalala,1,,,,,,,,,,
Maple Leaf Strategies,GROUP,DESCRIPTION,https://media.licdn.com/dms/image/v2/D4E0BAQFs31ySSslVhQ/company-logo_200_200/company-logo_200_200/0/1728951950007/maple_leaf_strategies_logo?e=2147483647&v=beta&t=Sw7e_XpeOqVQK_F22eOdpA3vrttD5nHSJOmIkSIXDPE,,en.m.wikipedia.org/wiki/Maple_Leaf_Strategies,5,,,,,,,,,,
Marc Fielding,Build Canada Contributor,DESCRIPTION,,,en.m.wikipedia.org/wiki/Marc_Fielding,1,,,,,,,,,,
Marco Martinez,Build Canada Contributor,DESCRIPTION,,,en.m.wikipedia.org/wiki/Marco_Martinez,1,,,,,,,,,,
Martin Basiri,Build Canada Contributor,,,,en.m.wikipedia.org/wiki/Martin_Basiri,3,,,,,,,,,,
Martin Kon,GROUP,DESCRIPTION,,,en.m.wikipedia.org/wiki/Martin_Kon,1,,,,,,,,,,
Matt Cohen,Build Canada Contributor,DESCRIPTION,,,en.m.wikipedia.org/wiki/Matt_Cohen,2,,,,,,,,,,
Mattamy Homes,GROUP,DESCRIPTION,,,en.m.wikipedia.org/wiki/Mattamy_Homes,2,,,,,,,,,,
Matthew Conway,GROUP,DESCRIPTION,https://i.ibb.co/q3mgzDNM/conway.png,,en.m.wikipedia.org/wiki/Matthew_Conway,5,,,,,,,,,,
Maverick Consulting,GROUP,DESCRIPTION,,,en.m.wikipedia.org/wiki/Maverick_Consulting,1,,,,,,,,,,
Mazyar Mortazavi,GROUP,DESCRIPTION,,,en.m.wikipedia.org/wiki/Mazyar_Mortazavi,2,,,,,,,,,,
McGill Institute for the Study of Canada,GROUP,DESCRIPTION,,,en.m.wikipedia.org/wiki/McGill_Institute_for_the_Study_of_Canada,1,,,,,,,,,,
McLarty Associates,GROUP,DESCRIPTION,,,en.m.wikipedia.org/wiki/McLarty_Associates,1,,,,,,,,,,
Medcan,GROUP,DESCRIPTION,,,en.m.wikipedia.org/wiki/Medcan,1,,,,,,,,,,
MEG Energy Corporation,GROUP,DESCRIPTION,,,en.m.wikipedia.org/wiki/MEG_Energy_Corporation,2,,,,,,,,,,
Melody Kuo,Build Canada Team,DESCRIPTION,,,en.m.wikipedia.org/wiki/Melody_Kuo,1,,,,,,,,,,
Meta,GROUP,DESCRIPTION,,,en.m.wikipedia.org/wiki/Meta,1,,,,,,,,,,
Michael Katchen,Build Canada Supporter,,,,en.m.wikipedia.org/wiki/Michael_Katchen,3,,,,,,,,,,
Michael Litt,GROUP,DESCRIPTION,https://www.eofire.com/wp-content/uploads/2023/12/Michael-Litt.jpg,,en.m.wikipedia.org/wiki/Michael_Litt,5,,,,,,,,,,
Michael Serbinis,GROUP,DESCRIPTION,https://i.ibb.co/0jK6wnMX/serb.png,,en.m.wikipedia.org/wiki/Michael_Serbinis,7,,,,,,,,,,
Mickey McNamara,GROUP,DESCRIPTION,,,en.m.wikipedia.org/wiki/Mickey_McNamara,1,,,,,,,,,,
Microsoft,GROUP,DESCRIPTION,,,en.m.wikipedia.org/wiki/Microsoft,2,,,,,,,,,,
Mikaal Naik,GROUP,DESCRIPTION,,,en.m.wikipedia.org/wiki/Mikaal_Naik,1,,,,,,,,,,
Mike Murchison,GROUP,DESCRIPTION,,,en.m.wikipedia.org/wiki/Mike_Murchison,3,,,,,,,,,,
Mina Mitry,GROUP,DESCRIPTION,,,en.m.wikipedia.org/wiki/Mina_Mitry,2,,,,,,,,,,
Mirabella Development,GROUP,DESCRIPTION,,,en.m.wikipedia.org/wiki/Mirabella_Development,1,,,,,,,,,,
Mobilize Media,GROUP,DESCRIPTION,,,en.m.wikipedia.org/wiki/Mobilize_Media,2,,,,,,,,,,
Mona Fortier,GROUP,DESCRIPTION,,,en.m.wikipedia.org/wiki/Mona_Fortier,2,,,,,,,,,,
More Neighbours,GROUP,DESCRIPTION,,,en.m.wikipedia.org/wiki/More_Neighbours,1,,,,,,,,,,
Mosaic,GROUP,DESCRIPTION,,,en.m.wikipedia.org/wiki/Mosaic,1,,,,,,,,,,
National Post,GROUP,DESCRIPTION,,,en.m.wikipedia.org/wiki/National_Post,1,,,,,,,,,,
Nelson Lee,GROUP,DESCRIPTION,,,en.m.wikipedia.org/wiki/Nelson_Lee,1,,,,,,,,,,
NEO Financial,GROUP,DESCRIPTION,,,en.m.wikipedia.org/wiki/NEO_Financial,1,,,,,,,,,,
Nic Beique,GROUP,DESCRIPTION,,,en.m.wikipedia.org/wiki/Nic_Beique,2,,,,,,,,,,
Nick Frosst,GROUP,DESCRIPTION,,,en.m.wikipedia.org/wiki/Nick_Frosst,1,,,,,,,,,,
North,GROUP,DESCRIPTION,,,en.m.wikipedia.org/wiki/North,1,,,,,,,,,,
Ontario Proud,GROUP,DESCRIPTION,,,en.m.wikipedia.org/wiki/Ontario_Proud,3,,,,,,,,,,
Opendoor,GROUP,DESCRIPTION,,,en.m.wikipedia.org/wiki/Opendoor,1,,,,,,,,,,
Opinicon,GROUP,DESCRIPTION,,,en.m.wikipedia.org/wiki/Opinicon,1,,,,,,,,,,
Osum Oil Sands Corporation,GROUP,DESCRIPTION,,,en.m.wikipedia.org/wiki/Osum_Oil_Sands_Corporation,1,,,,,,,,,,
Ottawa Citizen,GROUP,DESCRIPTION,,,en.m.wikipedia.org/wiki/Ottawa_Citizen,1,,,,,,,,,,
Paige Macpherson,GROUP,DESCRIPTION,,,en.m.wikipedia.org/wiki/Paige_Macpherson,2,,,,,,,,,,
Palladium Group,GROUP,DESCRIPTION,,,en.m.wikipedia.org/wiki/Palladium_Group,1,,,,,,,,,,
Passage,GROUP,DESCRIPTION,,,en.m.wikipedia.org/wiki/Passage,1,,,,,,,,,,
Patch,GROUP,DESCRIPTION,,,en.m.wikipedia.org/wiki/Patch,1,,,,,,,,,,
Paybright,GROUP,DESCRIPTION,,,en.m.wikipedia.org/wiki/Paybright,1,,,,,,,,,,
Peter Carrescia,GROUP,DESCRIPTION,,,en.m.wikipedia.org/wiki/Peter_Carrescia,2,,,,,,,,,,
Peter Thiel,GROUP,DESCRIPTION,https://blogger.googleusercontent.com/img/b/R29vZ2xl/AVvXsEiKnmkTcBmABue3buJIqkL_WFitFb35UCIiyB8bSfkNjK_2Pvufv7G0EE8D7VLjVTMi8dcOhH6o1AQgjriKI6FSzbVVwGkdMgW_qwz6An0nD_CXNqRYiXyqiCy1Tr52T-g4HQzwXUODoccyA61uMScXsgavtdNLjBwnc_UfBOtk4_gPj2e9Pw-6RBAhXzTY/s690/Peter%20Thiel.png,,en.m.wikipedia.org/wiki/Peter_Thiel,2,,,,,,,,,,
Pierre Poilievre,GROUP,"Pierre Poilievre is the leader of the Conservative Party of Canada, known for his right-wing populist, pro-industry message.",https://www.vmcdn.ca/f/files/shared/feeds/cp/2023/08/20230811170828-64d6a86e017d636c76e93184jpeg.jpg;w=650,,en.m.wikipedia.org/wiki/Pierre_Poilievre,5,,,,,,,,,,
Plaid Army,GROUP,DESCRIPTION,,,en.m.wikipedia.org/wiki/Plaid_Army,2,,,,,,,,,,
Procter & Gamble,GROUP,DESCRIPTION,,,en.m.wikipedia.org/wiki/Procter_&_Gamble,1,,,,,,,,,,
Purpose Unlimited,GROUP,DESCRIPTION,,,en.m.wikipedia.org/wiki/Purpose_Unlimited,1,,,,,,,,,,
Quillette,GROUP,DESCRIPTION,,,en.m.wikipedia.org/wiki/Quillette,1,,,,,,,,,,
Rachel Parker,GROUP,DESCRIPTION,,,en.m.wikipedia.org/wiki/Rachel_Parker,3,,,,,,,,,,
Restaurant Brands International,GROUP,DESCRIPTION,,,en.m.wikipedia.org/wiki/Restaurant_Brands_International,1,,,,,,,,,,
Rex Murphy,GROUP,DESCRIPTION,,,en.m.wikipedia.org/wiki/Rex_Murphy,2,,,,,,,,,,
Richard Abboud,GROUP,DESCRIPTION,,,en.m.wikipedia.org/wiki/Richard_Abboud,2,,,,,,,,,,
Ripple Ventures,GROUP,DESCRIPTION,,,en.m.wikipedia.org/wiki/Ripple_Ventures,1,,,,,,,,,,
Rob Khazzam,GROUP,DESCRIPTION,,,en.m.wikipedia.org/wiki/Rob_Khazzam,2,,,,,,,,,,
Roger Martin,GROUP,DESCRIPTION,,,en.m.wikipedia.org/wiki/Roger_Martin,2,,,,,,,,,,
Roger Schagrin,GROUP,DESCRIPTION,,,en.m.wikipedia.org/wiki/Roger_Schagrin,1,,,,,,,,,,
Rose Rocket,GROUP,DESCRIPTION,,,en.m.wikipedia.org/wiki/Rose_Rocket,1,,,,,,,,,,
Ruchish Shah,GROUP,DESCRIPTION,,,en.m.wikipedia.org/wiki/Ruchish_Shah,1,,,,,,,,,,
Rupa Subramanya,GROUP,DESCRIPTION,,,en.m.wikipedia.org/wiki/Rupa_Subramanya,1,,,,,,,,,,
Russia Insider,GROUP,DESCRIPTION,,,en.m.wikipedia.org/wiki/Russia_Insider,1,,,,,,,,,,
Ryan Manucha,GROUP,DESCRIPTION,,,en.m.wikipedia.org/wiki/Ryan_Manucha,1,,,,,,,,,,
Ryerson Conservatives,GROUP,DESCRIPTION,,,en.m.wikipedia.org/wiki/Ryerson_Conservatives,2,,,,,,,,,,
Rypple,GROUP,DESCRIPTION,https://www.silicon.es/wp-content/uploads/2012/03/rypple-logo.png,,en.m.wikipedia.org/wiki/Rypple,5,,,,,,,,,,
Samantha Tom,GROUP,DESCRIPTION,,,en.m.wikipedia.org/wiki/Samantha_Tom,1,,,,,,,,,,
Sara Hooker,GROUP,DESCRIPTION,,,en.m.wikipedia.org/wiki/Sara_Hooker,1,,,,,,,,,,
Satish Kanwar,GROUP,DESCRIPTION,,,en.m.wikipedia.org/wiki/Satish_Kanwar,3,,,,,,,,,,
Save Canada,GROUP,DESCRIPTION,,,en.m.wikipedia.org/wiki/Save_Canada,2,,,,,,,,,,
Schwartz Reisman Institute for Technology and Society,GROUP,DESCRIPTION,,,en.m.wikipedia.org/wiki/Schwartz_Reisman_Institute_for_Technology_and_Society,1,,,,,,,,,,
Seymour Schulich,GROUP,DESCRIPTION,,,en.m.wikipedia.org/wiki/Seymour_Schulich,2,,,,,,,,,,
sgs&co,GROUP,DESCRIPTION,,,en.m.wikipedia.org/wiki/sgs&co,1,,,,,,,,,,
Shane Parrish,GROUP,DESCRIPTION,,,en.m.wikipedia.org/wiki/Shane_Parrish,2,,,,,,,,,,
Shani Russell,GROUP,DESCRIPTION,,,en.m.wikipedia.org/wiki/Shani_Russell,2,,,,,,,,,,
Shaun Francis,GROUP,DESCRIPTION,https://www.fraserinstitute.org/sites/default/files/styles/people_mini_display/public/2024-11/shaun-francis.jpg.webp?itok=7bxgvV8h,,en.m.wikipedia.org/wiki/Shaun_Francis,3,,,,,,,,,,
Shelley Crowley,GROUP,DESCRIPTION,,,en.m.wikipedia.org/wiki/Shelley_Crowley,2,,,,,,,,,,
Shopify,GROUP,DESCRIPTION,https://www.dexanet.com/wp-content/uploads/logo-shopify.png,,en.m.wikipedia.org/wiki/Shopify,7,,,,,,,,,,
Shorefast,GROUP,DESCRIPTION,,,en.m.wikipedia.org/wiki/Shorefast,1,,,,,,,,,,
SkipTheDishes,GROUP,DESCRIPTION,,,en.m.wikipedia.org/wiki/SkipTheDishes,1,,,,,,,,,,
Som Seif,GROUP,DESCRIPTION,,,en.m.wikipedia.org/wiki/Som_Seif,2,,,,,,,,,,
SRTX,GROUP,DESCRIPTION,,,en.m.wikipedia.org/wiki/SRTX,1,,,,,,,,,,
Stephen Lake,GROUP,DESCRIPTION,,,en.m.wikipedia.org/wiki/Stephen_Lake,3,,,,,,,,,,
Stewart Lyons,GROUP,DESCRIPTION,,,en.m.wikipedia.org/wiki/Stewart_Lyons,2,,,,,,,,,,
Stockwell Day,GROUP,DESCRIPTION,,,en.m.wikipedia.org/wiki/Stockwell_Day,1,,,,,,,,,,
Strathcona Resources,GROUP,"Strathcona Resources is a Calgary-based energy company formed in 2020 by the merger of Cona and Strath via Waterous Energy Fund. 

It focuses on long-life oil and gas assets and recently launched a formal takeover bid for MEG Energy.",https://media.glassdoor.com/sqll/5051478/strathcona-resources-squarelogo-1644990329649.png,,en.m.wikipedia.org/wiki/Strathcona_Resources,6,,,,,,,,,,
Sue Ann Levy,GROUP,DESCRIPTION,,,en.m.wikipedia.org/wiki/Sue_Ann_Levy,1,,,,,,,,,,
Sullivan & Cromwell,GROUP,DESCRIPTION,,,en.m.wikipedia.org/wiki/Sullivan_&_Cromwell,2,,,,,,,,,,
Sun News,GROUP,DESCRIPTION,,,en.m.wikipedia.org/wiki/Sun_News,1,,,,,,,,,,
Take Back Alberta,GROUP,DESCRIPTION,,,en.m.wikipedia.org/wiki/Take_Back_Alberta,1,,,,,,,,,,
TAS,GROUP,DESCRIPTION,,,en.m.wikipedia.org/wiki/TAS,1,,,,,,,,,,
Tasha Kheiriddin,GROUP,DESCRIPTION,,,en.m.wikipedia.org/wiki/Tasha_Kheiriddin,1,,,,,,,,,,
TD Bank,GROUP,DESCRIPTION,,,en.m.wikipedia.org/wiki/TD_Bank,1,,,,,,,,,,
The Post Millennial,GROUP,DESCRIPTION,https://groundnews.b-cdn.net/interests/02563df7fa2d7fdaa028db92d2f7fdcaa6bcc060.jpg,,en.m.wikipedia.org/wiki/The_Post_Millennial,4,,,,,,,,,,
Thistledown,GROUP,DESCRIPTION,,,en.m.wikipedia.org/wiki/Thistledown,1,,,,,,,,,,
Tobias Lutke,Build Canada Supporter,"Tobias Lutke is co-founder and CEO of Shopify. Originally from Germany, now Canadian, and married to Fiona McKean.",https://i.ibb.co/JWrnWsBZ/lutk.png,,en.m.wikipedia.org/wiki/Tobias_Lutke,4,,,,,,,,,,
Toby Shannan,GROUP,DESCRIPTION,,,en.m.wikipedia.org/wiki/Toby_Shannan,2,,,,,,,,,,
Tofino Capital,GROUP,DESCRIPTION,,,en.m.wikipedia.org/wiki/Tofino_Capital,2,,,,,,,,,,
Tourmaline Oil Corporation,GROUP,DESCRIPTION,,,en.m.wikipedia.org/wiki/Tourmaline_Oil_Corporation,1,,,,,,,,,,
Tracxtion,GROUP,DESCRIPTION,,,en.m.wikipedia.org/wiki/Tracxtion,1,,,,,,,,,,
Tyler Russell,GROUP,DESCRIPTION,https://i.ibb.co/6RcFL0yd/russ.png,,en.m.wikipedia.org/wiki/Tyler_Russell,5,,,,,,,,,,
United Conservative Party,GROUP,DESCRIPTION,,,en.m.wikipedia.org/wiki/United_Conservative_Party,2,,,,,,,,,,
Uvaro,GROUP,DESCRIPTION,,,en.m.wikipedia.org/wiki/Uvaro,4,,,,,,,,,,
Vector Institute,GROUP,The Vector Institute is a Toronto-based AI research institute.,,,en.m.wikipedia.org/wiki/Vector_Institute,1,,,,,,,,,,
Version One Ventures,GROUP,DESCRIPTION,,,en.m.wikipedia.org/wiki/Version_One_Ventures,1,,,,,,,,,,
Victor Institute,GROUP,DESCRIPTION,,,en.m.wikipedia.org/wiki/Victor_Institute,1,,,,,,,,,,
Vidyard,GROUP,DESCRIPTION,,,en.m.wikipedia.org/wiki/Vidyard,1,,,,,,,,,,
Waterous Energy Fund,GROUP,"Waterous Energy Fund is a private equity firm founded in 2017 by Adam Waterous, focused on value-based investments in North American oil and gas. ",https://i.ibb.co/9mft61Q2/watf.png,,en.m.wikipedia.org/wiki/Waterous_Energy_Fund,3,,,,,,,,,,
Wayne Pommen,GROUP,DESCRIPTION,https://images.ctfassets.net/4rc1asww3mw7/6SIDtvkPbE8VI8L3Q5XDLX/5d264c7bf4bc79520366a0d83074bda9/WaynePommen.png?w=440&h=440&q=70&fm=png,,en.m.wikipedia.org/wiki/Wayne_Pommen,4,,,,,,,,,,
Wealth Simple,GROUP,DESCRIPTION,,,en.m.wikipedia.org/wiki/Wealth_Simple,1,,,,,,,,,,
Wildrose Party,GROUP,DESCRIPTION,,,en.m.wikipedia.org/wiki/Wildrose_Party,2,,,,,,,,,,
William McBeath,GROUP,DESCRIPTION,,,en.m.wikipedia.org/wiki/William_McBeath,2,,,,,,,,,,
WIND Mobile,GROUP,DESCRIPTION,,,en.m.wikipedia.org/wiki/WIND_Mobile,2,,,,,,,,,,
Workbrain,GROUP,DESCRIPTION,,,en.m.wikipedia.org/wiki/Workbrain,2,,,,,,,,,,
Xero,GROUP,DESCRIPTION,,,en.m.wikipedia.org/wiki/Xero,1,,,,,,,,,,
Zander Fraser,GROUP,DESCRIPTION,,,en.m.wikipedia.org/wiki/Zander_Fraser,1,,,,,,,,,,
Zara Safsovski,GROUP,DESCRIPTION,https://assets.getriver.io/profile/cllln3d180005l50fsd15nb09/4y9ip.jpg,,en.m.wikipedia.org/wiki/Zara_Safsovski,3,,,,,,,,,,
Zekelman Industries,GROUP,DESCRIPTION,https://media.licdn.com/dms/image/C560BAQEaLssox-Hivw/company-logo_200_200/0/1519889230721?e=2147483647&v=beta&t=jwsAVIg3RoEAjl15B95gMMyVCl3S4lNB_YuYjmCLAJM,,en.m.wikipedia.org/wiki/Zekelman_Industries,6,,,,,,,,,,
Zip2,GROUP,DESCRIPTION,,,en.m.wikipedia.org/wiki/Zip2,2,,,,,,,,,,
Zita Cobb,GROUP,DESCRIPTION,,,en.m.wikipedia.org/wiki/Zita_Cobb,2,,,,,,,,,,
Alan Gertner,GROUP,DESCRIPTION,,,en.m.wikipedia.org/wiki/Alan_Gertner,2,,,,,,,,,,
Arcana,GROUP,DESCRIPTION,,,en.m.wikipedia.org/wiki/Arcana,1,,,,,,,,,,
Build Toronto,Build Canada Group,DESCRIPTION,https://i.ibb.co/rY0yVds/btor.png,,en.m.wikipedia.org/wiki/Build_Toronto,11,,,,,,,,,,
Flashfood,GROUP,DESCRIPTION,,,en.m.wikipedia.org/wiki/Flashfood,1,,,,,,,,,,
Josh Domingues,GROUP,DESCRIPTION,,,en.m.wikipedia.org/wiki/Josh_Domingues,2,,,,,,,,,,
Market.Dev,GROUP,DESCRIPTION,,,en.m.wikipedia.org/wiki/Market.Dev,1,,,,,,,,,,
Tarun Sachdeva,GROUP,DESCRIPTION,,,en.m.wikipedia.org/wiki/Tarun_Sachdeva,2,,,,,,,,,,
Evan Solomon,GROUP,DESCRIPTION,,,en.m.wikipedia.org/wiki/Evan_Solomon,2,,,,,,,,,,
AI Strategy Task Force,GROUP,DESCRIPTION,,,en.m.wikipedia.org/wiki/AI_Strategy_Task_Force,4,,,,,,,,,,
,,,,,,"=IF(A266="""","""",COUNTIF(Links!A:A,A266)+COUNTIF(Links!B:B,A266))",,,,,,,,,,
,,,,,,"=IF(A267="""","""",COUNTIF(Links!A:A,A267)+COUNTIF(Links!B:B,A267))",,,,,,,,,,
,,,,,,"=IF(A268="""","""",COUNTIF(Links!A:A,A268)+COUNTIF(Links!B:B,A268))",,,,,,,,,,
,,,,,,"=IF(A269="""","""",COUNTIF(Links!A:A,A269)+COUNTIF(Links!B:B,A269))",,,,,,,,,,
,,,,,,"=IF(A270="""","""",COUNTIF(Links!A:A,A270)+COUNTIF(Links!B:B,A270))",,,,,,,,,,
,,,,,,"=IF(A271="""","""",COUNTIF(Links!A:A,A271)+COUNTIF(Links!B:B,A271))",,,,,,,,,,
,,,,,,"=IF(A272="""","""",COUNTIF(Links!A:A,A272)+COUNTIF(Links!B:B,A272))",,,,,,,,,,
,,,,,,"=IF(A273="""","""",COUNTIF(Links!A:A,A273)+COUNTIF(Links!B:B,A273))",,,,,,,,,,
,,,,,,"=IF(A274="""","""",COUNTIF(Links!A:A,A274)+COUNTIF(Links!B:B,A274))",,,,,,,,,,
,,,,,,"=IF(A275="""","""",COUNTIF(Links!A:A,A275)+COUNTIF(Links!B:B,A275))",,,,,,,,,,
,,,,,,"=IF(A276="""","""",COUNTIF(Links!A:A,A276)+COUNTIF(Links!B:B,A276))",,,,,,,,,,
,,,,,,"=IF(A277="""","""",COUNTIF(Links!A:A,A277)+COUNTIF(Links!B:B,A277))",,,,,,,,,,
,,,,,,"=IF(A278="""","""",COUNTIF(Links!A:A,A278)+COUNTIF(Links!B:B,A278))",,,,,,,,,,
,,,,,,"=IF(A279="""","""",COUNTIF(Links!A:A,A279)+COUNTIF(Links!B:B,A279))",,,,,,,,,,
,,,,,,"=IF(A280="""","""",COUNTIF(Links!A:A,A280)+COUNTIF(Links!B:B,A280))",,,,,,,,,,
,,,,,,"=IF(A281="""","""",COUNTIF(Links!A:A,A281)+COUNTIF(Links!B:B,A281))",,,,,,,,,,
,,,,,,"=IF(A282="""","""",COUNTIF(Links!A:A,A282)+COUNTIF(Links!B:B,A282))",,,,,,,,,,
,,,,,,"=IF(A283="""","""",COUNTIF(Links!A:A,A283)+COUNTIF(Links!B:B,A283))",,,,,,,,,,
,,,,,,"=IF(A284="""","""",COUNTIF(Links!A:A,A284)+COUNTIF(Links!B:B,A284))",,,,,,,,,,
,,,,,,"=IF(A285="""","""",COUNTIF(Links!A:A,A285)+COUNTIF(Links!B:B,A285))",,,,,,,,,,
,,,,,,"=IF(A286="""","""",COUNTIF(Links!A:A,A286)+COUNTIF(Links!B:B,A286))",,,,,,,,,,
,,,,,,"=IF(A287="""","""",COUNTIF(Links!A:A,A287)+COUNTIF(Links!B:B,A287))",,,,,,,,,,
,,,,,,"=IF(A288="""","""",COUNTIF(Links!A:A,A288)+COUNTIF(Links!B:B,A288))",,,,,,,,,,
,,,,,,"=IF(A289="""","""",COUNTIF(Links!A:A,A289)+COUNTIF(Links!B:B,A289))",,,,,,,,,,
,,,,,,"=IF(A290="""","""",COUNTIF(Links!A:A,A290)+COUNTIF(Links!B:B,A290))",,,,,,,,,,
,,,,,,"=IF(A291="""","""",COUNTIF(Links!A:A,A291)+COUNTIF(Links!B:B,A291))",,,,,,,,,,
,,,,,,"=IF(A292="""","""",COUNTIF(Links!A:A,A292)+COUNTIF(Links!B:B,A292))",,,,,,,,,,
,,,,,,"=IF(A293="""","""",COUNTIF(Links!A:A,A293)+COUNTIF(Links!B:B,A293))",,,,,,,,,,
,,,,,,"=IF(A294="""","""",COUNTIF(Links!A:A,A294)+COUNTIF(Links!B:B,A294))",,,,,,,,,,
,,,,,,"=IF(A295="""","""",COUNTIF(Links!A:A,A295)+COUNTIF(Links!B:B,A295))",,,,,,,,,,
,,,,,,"=IF(A296="""","""",COUNTIF(Links!A:A,A296)+COUNTIF(Links!B:B,A296))",,,,,,,,,,
,,,,,,"=IF(A297="""","""",COUNTIF(Links!A:A,A297)+COUNTIF(Links!B:B,A297))",,,,,,,,,,
,,,,,,"=IF(A298="""","""",COUNTIF(Links!A:A,A298)+COUNTIF(Links!B:B,A298))",,,,,,,,,,
,,,,,,"=IF(A299="""","""",COUNTIF(Links!A:A,A299)+COUNTIF(Links!B:B,A299))",,,,,,,,,,
,,,,,,"=IF(A300="""","""",COUNTIF(Links!A:A,A300)+COUNTIF(Links!B:B,A300))",,,,,,,,,,
,,,,,,"=IF(A301="""","""",COUNTIF(Links!A:A,A301)+COUNTIF(Links!B:B,A301))",,,,,,,,,,
,,,,,,"=IF(A302="""","""",COUNTIF(Links!A:A,A302)+COUNTIF(Links!B:B,A302))",,,,,,,,,,
,,,,,,"=IF(A303="""","""",COUNTIF(Links!A:A,A303)+COUNTIF(Links!B:B,A303))",,,,,,,,,,
,,,,,,"=IF(A304="""","""",COUNTIF(Links!A:A,A304)+COUNTIF(Links!B:B,A304))",,,,,,,,,,
,,,,,,"=IF(A305="""","""",COUNTIF(Links!A:A,A305)+COUNTIF(Links!B:B,A305))",,,,,,,,,,
,,,,,,"=IF(A306="""","""",COUNTIF(Links!A:A,A306)+COUNTIF(Links!B:B,A306))",,,,,,,,,,
,,,,,,"=IF(A307="""","""",COUNTIF(Links!A:A,A307)+COUNTIF(Links!B:B,A307))",,,,,,,,,,
,,,,,,"=IF(A308="""","""",COUNTIF(Links!A:A,A308)+COUNTIF(Links!B:B,A308))",,,,,,,,,,
,,,,,,"=IF(A309="""","""",COUNTIF(Links!A:A,A309)+COUNTIF(Links!B:B,A309))",,,,,,,,,,
,,,,,,"=IF(A310="""","""",COUNTIF(Links!A:A,A310)+COUNTIF(Links!B:B,A310))",,,,,,,,,,
,,,,,,"=IF(A311="""","""",COUNTIF(Links!A:A,A311)+COUNTIF(Links!B:B,A311))",,,,,,,,,,
,,,,,,"=IF(A312="""","""",COUNTIF(Links!A:A,A312)+COUNTIF(Links!B:B,A312))",,,,,,,,,,
,,,,,,"=IF(A313="""","""",COUNTIF(Links!A:A,A313)+COUNTIF(Links!B:B,A313))",,,,,,,,,,
,,,,,,"=IF(A314="""","""",COUNTIF(Links!A:A,A314)+COUNTIF(Links!B:B,A314))",,,,,,,,,,
,,,,,,"=IF(A315="""","""",COUNTIF(Links!A:A,A315)+COUNTIF(Links!B:B,A315))",,,,,,,,,,
,,,,,,"=IF(A316="""","""",COUNTIF(Links!A:A,A316)+COUNTIF(Links!B:B,A316))",,,,,,,,,,
,,,,,,"=IF(A317="""","""",COUNTIF(Links!A:A,A317)+COUNTIF(Links!B:B,A317))",,,,,,,,,,
,,,,,,"=IF(A318="""","""",COUNTIF(Links!A:A,A318)+COUNTIF(Links!B:B,A318))",,,,,,,,,,
,,,,,,"=IF(A319="""","""",COUNTIF(Links!A:A,A319)+COUNTIF(Links!B:B,A319))",,,,,,,,,,
,,,,,,"=IF(A320="""","""",COUNTIF(Links!A:A,A320)+COUNTIF(Links!B:B,A320))",,,,,,,,,,
,,,,,,"=IF(A321="""","""",COUNTIF(Links!A:A,A321)+COUNTIF(Links!B:B,A321))",,,,,,,,,,
,,,,,,"=IF(A322="""","""",COUNTIF(Links!A:A,A322)+COUNTIF(Links!B:B,A322))",,,,,,,,,,
,,,,,,"=IF(A323="""","""",COUNTIF(Links!A:A,A323)+COUNTIF(Links!B:B,A323))",,,,,,,,,,
,,,,,,"=IF(A324="""","""",COUNTIF(Links!A:A,A324)+COUNTIF(Links!B:B,A324))",,,,,,,,,,
,,,,,,"=IF(A325="""","""",COUNTIF(Links!A:A,A325)+COUNTIF(Links!B:B,A325))",,,,,,,,,,
,,,,,,"=IF(A326="""","""",COUNTIF(Links!A:A,A326)+COUNTIF(Links!B:B,A326))",,,,,,,,,,
,,,,,,"=IF(A327="""","""",COUNTIF(Links!A:A,A327)+COUNTIF(Links!B:B,A327))",,,,,,,,,,
,,,,,,"=IF(A328="""","""",COUNTIF(Links!A:A,A328)+COUNTIF(Links!B:B,A328))",,,,,,,,,,
,,,,,,"=IF(A329="""","""",COUNTIF(Links!A:A,A329)+COUNTIF(Links!B:B,A329))",,,,,,,,,,
,,,,,,"=IF(A330="""","""",COUNTIF(Links!A:A,A330)+COUNTIF(Links!B:B,A330))",,,,,,,,,,
,,,,,,"=IF(A331="""","""",COUNTIF(Links!A:A,A331)+COUNTIF(Links!B:B,A331))",,,,,,,,,,
,,,,,,"=IF(A332="""","""",COUNTIF(Links!A:A,A332)+COUNTIF(Links!B:B,A332))",,,,,,,,,,
,,,,,,"=IF(A333="""","""",COUNTIF(Links!A:A,A333)+COUNTIF(Links!B:B,A333))",,,,,,,,,,
,,,,,,"=IF(A334="""","""",COUNTIF(Links!A:A,A334)+COUNTIF(Links!B:B,A334))",,,,,,,,,,
,,,,,,"=IF(A335="""","""",COUNTIF(Links!A:A,A335)+COUNTIF(Links!B:B,A335))",,,,,,,,,,
,,,,,,"=IF(A336="""","""",COUNTIF(Links!A:A,A336)+COUNTIF(Links!B:B,A336))",,,,,,,,,,
,,,,,,"=IF(A337="""","""",COUNTIF(Links!A:A,A337)+COUNTIF(Links!B:B,A337))",,,,,,,,,,
,,,,,,"=IF(A338="""","""",COUNTIF(Links!A:A,A338)+COUNTIF(Links!B:B,A338))",,,,,,,,,,
,,,,,,"=IF(A339="""","""",COUNTIF(Links!A:A,A339)+COUNTIF(Links!B:B,A339))",,,,,,,,,,
,,,,,,"=IF(A340="""","""",COUNTIF(Links!A:A,A340)+COUNTIF(Links!B:B,A340))",,,,,,,,,,
,,,,,,"=IF(A341="""","""",COUNTIF(Links!A:A,A341)+COUNTIF(Links!B:B,A341))",,,,,,,,,,
,,,,,,"=IF(A342="""","""",COUNTIF(Links!A:A,A342)+COUNTIF(Links!B:B,A342))",,,,,,,,,,
,,,,,,"=IF(A343="""","""",COUNTIF(Links!A:A,A343)+COUNTIF(Links!B:B,A343))",,,,,,,,,,
,,,,,,"=IF(A344="""","""",COUNTIF(Links!A:A,A344)+COUNTIF(Links!B:B,A344))",,,,,,,,,,
,,,,,,"=IF(A345="""","""",COUNTIF(Links!A:A,A345)+COUNTIF(Links!B:B,A345))",,,,,,,,,,
,,,,,,"=IF(A346="""","""",COUNTIF(Links!A:A,A346)+COUNTIF(Links!B:B,A346))",,,,,,,,,,
,,,,,,"=IF(A347="""","""",COUNTIF(Links!A:A,A347)+COUNTIF(Links!B:B,A347))",,,,,,,,,,
,,,,,,"=IF(A348="""","""",COUNTIF(Links!A:A,A348)+COUNTIF(Links!B:B,A348))",,,,,,,,,,
,,,,,,"=IF(A349="""","""",COUNTIF(Links!A:A,A349)+COUNTIF(Links!B:B,A349))",,,,,,,,,,
,,,,,,"=IF(A350="""","""",COUNTIF(Links!A:A,A350)+COUNTIF(Links!B:B,A350))",,,,,,,,,,
,,,,,,"=IF(A351="""","""",COUNTIF(Links!A:A,A351)+COUNTIF(Links!B:B,A351))",,,,,,,,,,
,,,,,,"=IF(A352="""","""",COUNTIF(Links!A:A,A352)+COUNTIF(Links!B:B,A352))",,,,,,,,,,
,,,,,,"=IF(A353="""","""",COUNTIF(Links!A:A,A353)+COUNTIF(Links!B:B,A353))",,,,,,,,,,
,,,,,,"=IF(A354="""","""",COUNTIF(Links!A:A,A354)+COUNTIF(Links!B:B,A354))",,,,,,,,,,
,,,,,,"=IF(A355="""","""",COUNTIF(Links!A:A,A355)+COUNTIF(Links!B:B,A355))",,,,,,,,,,
,,,,,,"=IF(A356="""","""",COUNTIF(Links!A:A,A356)+COUNTIF(Links!B:B,A356))",,,,,,,,,,
,,,,,,"=IF(A357="""","""",COUNTIF(Links!A:A,A357)+COUNTIF(Links!B:B,A357))",,,,,,,,,,
,,,,,,"=IF(A358="""","""",COUNTIF(Links!A:A,A358)+COUNTIF(Links!B:B,A358))",,,,,,,,,,
,,,,,,"=IF(A359="""","""",COUNTIF(Links!A:A,A359)+COUNTIF(Links!B:B,A359))",,,,,,,,,,
,,,,,,"=IF(A360="""","""",COUNTIF(Links!A:A,A360)+COUNTIF(Links!B:B,A360))",,,,,,,,,,
,,,,,,"=IF(A361="""","""",COUNTIF(Links!A:A,A361)+COUNTIF(Links!B:B,A361))",,,,,,,,,,
,,,,,,"=IF(A362="""","""",COUNTIF(Links!A:A,A362)+COUNTIF(Links!B:B,A362))",,,,,,,,,,
,,,,,,"=IF(A363="""","""",COUNTIF(Links!A:A,A363)+COUNTIF(Links!B:B,A363))",,,,,,,,,,
,,,,,,"=IF(A364="""","""",COUNTIF(Links!A:A,A364)+COUNTIF(Links!B:B,A364))",,,,,,,,,,
,,,,,,"=IF(A365="""","""",COUNTIF(Links!A:A,A365)+COUNTIF(Links!B:B,A365))",,,,,,,,,,
,,,,,,"=IF(A366="""","""",COUNTIF(Links!A:A,A366)+COUNTIF(Links!B:B,A366))",,,,,,,,,,
,,,,,,"=IF(A367="""","""",COUNTIF(Links!A:A,A367)+COUNTIF(Links!B:B,A367))",,,,,,,,,,
,,,,,,"=IF(A368="""","""",COUNTIF(Links!A:A,A368)+COUNTIF(Links!B:B,A368))",,,,,,,,,,
,,,,,,"=IF(A369="""","""",COUNTIF(Links!A:A,A369)+COUNTIF(Links!B:B,A369))",,,,,,,,,,
,,,,,,"=IF(A370="""","""",COUNTIF(Links!A:A,A370)+COUNTIF(Links!B:B,A370))",,,,,,,,,,
,,,,,,"=IF(A371="""","""",COUNTIF(Links!A:A,A371)+COUNTIF(Links!B:B,A371))",,,,,,,,,,
,,,,,,"=IF(A372="""","""",COUNTIF(Links!A:A,A372)+COUNTIF(Links!B:B,A372))",,,,,,,,,,
,,,,,,"=IF(A373="""","""",COUNTIF(Links!A:A,A373)+COUNTIF(Links!B:B,A373))",,,,,,,,,,
,,,,,,"=IF(A374="""","""",COUNTIF(Links!A:A,A374)+COUNTIF(Links!B:B,A374))",,,,,,,,,,
,,,,,,"=IF(A375="""","""",COUNTIF(Links!A:A,A375)+COUNTIF(Links!B:B,A375))",,,,,,,,,,
,,,,,,"=IF(A376="""","""",COUNTIF(Links!A:A,A376)+COUNTIF(Links!B:B,A376))",,,,,,,,,,
,,,,,,"=IF(A377="""","""",COUNTIF(Links!A:A,A377)+COUNTIF(Links!B:B,A377))",,,,,,,,,,
,,,,,,"=IF(A378="""","""",COUNTIF(Links!A:A,A378)+COUNTIF(Links!B:B,A378))",,,,,,,,,,
,,,,,,"=IF(A379="""","""",COUNTIF(Links!A:A,A379)+COUNTIF(Links!B:B,A379))",,,,,,,,,,
,,,,,,"=IF(A380="""","""",COUNTIF(Links!A:A,A380)+COUNTIF(Links!B:B,A380))",,,,,,,,,,
,,,,,,"=IF(A381="""","""",COUNTIF(Links!A:A,A381)+COUNTIF(Links!B:B,A381))",,,,,,,,,,
,,,,,,"=IF(A382="""","""",COUNTIF(Links!A:A,A382)+COUNTIF(Links!B:B,A382))",,,,,,,,,,
,,,,,,"=IF(A383="""","""",COUNTIF(Links!A:A,A383)+COUNTIF(Links!B:B,A383))",,,,,,,,,,
,,,,,,"=IF(A384="""","""",COUNTIF(Links!A:A,A384)+COUNTIF(Links!B:B,A384))",,,,,,,,,,
,,,,,,"=IF(A385="""","""",COUNTIF(Links!A:A,A385)+COUNTIF(Links!B:B,A385))",,,,,,,,,,
,,,,,,"=IF(A386="""","""",COUNTIF(Links!A:A,A386)+COUNTIF(Links!B:B,A386))",,,,,,,,,,
,,,,,,"=IF(A387="""","""",COUNTIF(Links!A:A,A387)+COUNTIF(Links!B:B,A387))",,,,,,,,,,
,,,,,,"=IF(A388="""","""",COUNTIF(Links!A:A,A388)+COUNTIF(Links!B:B,A388))",,,,,,,,,,
,,,,,,"=IF(A389="""","""",COUNTIF(Links!A:A,A389)+COUNTIF(Links!B:B,A389))",,,,,,,,,,
,,,,,,"=IF(A390="""","""",COUNTIF(Links!A:A,A390)+COUNTIF(Links!B:B,A390))",,,,,,,,,,
,,,,,,"=IF(A391="""","""",COUNTIF(Links!A:A,A391)+COUNTIF(Links!B:B,A391))",,,,,,,,,,
,,,,,,"=IF(A392="""","""",COUNTIF(Links!A:A,A392)+COUNTIF(Links!B:B,A392))",,,,,,,,,,
,,,,,,"=IF(A393="""","""",COUNTIF(Links!A:A,A393)+COUNTIF(Links!B:B,A393))",,,,,,,,,,
,,,,,,"=IF(A394="""","""",COUNTIF(Links!A:A,A394)+COUNTIF(Links!B:B,A394))",,,,,,,,,,
,,,,,,,,,,,,,,,,
,,,,,,,,,,,,,,,,
,,,,,,,,,,,,,,,,
,,,,,,,,,,,,,,,,
,,,,,,
